model,r2,cv_r2,mse,mae
Ridge,-0.012616746632148068,-0.023404404001143585,452669.63354986516,568.905343162541
Lasso,-0.012806984536674282,-0.023916800458273067,452754.6755194114,568.9626013990724
LinearRegression,-0.012808195805669387,-0.02391834656689924,452755.2169924751,568.9630501559492
GradientBoosting,-0.10695837038539668,-0.1525282098506918,494843.1294898803,590.879088165684
KNN,-0.1990355845873526,-0.20187585384724943,536004.3673913043,585.4543478260869
RandomForest,-0.2364698726889063,-0.32038045425776124,552738.6012793856,612.0827099007818
DecisionTree,-0.46924816577726447,-0.5410218591244084,656797.3826308938,663.486296583851
